{"cameraMode":{"drawMode":0,"name":"Shaded","section":"Shading Mode"},"sceneLighting":true,"audioPlay":false,"sceneViewState":{"m_AlwaysRefresh":false,"showFog":true,"showSkybox":true,"showFlares":true,"showImageEffects":true,"showParticleSystems":true,"showVisualEffectGraphs":true,"m_FxEnabled":true},"in2DMode":false,"pivot":{"x":15.990141868591309,"y":12.790549278259278,"z":-19.735965728759767},"rotation":{"x":-0.45212724804878237,"y":-0.10614867508411408,"z":0.053298402577638629,"w":-0.8843575716018677},"size":7.024813175201416,"orthographic":false}