{"cameraMode":{"drawMode":0,"name":"Shaded","section":"Shading Mode"},"sceneLighting":true,"audioPlay":false,"sceneViewState":{"m_AlwaysRefresh":false,"showFog":true,"showSkybox":true,"showFlares":true,"showImageEffects":true,"showParticleSystems":true,"showVisualEffectGraphs":true,"m_FxEnabled":true},"in2DMode":false,"pivot":{"x":-0.010052650235593319,"y":0.666210412979126,"z":-15.606466293334961},"rotation":{"x":-0.2142290472984314,"y":-0.09354620426893234,"z":0.02069009281694889,"w":-0.9721871018409729},"size":4.374656677246094,"orthographic":false}