{"cameraMode":{"drawMode":0,"name":"Shaded","section":"Shading Mode"},"sceneLighting":false,"audioPlay":false,"sceneViewState":{"m_AlwaysRefresh":false,"showFog":true,"showSkybox":false,"showFlares":true,"showImageEffects":true,"showParticleSystems":true,"showVisualEffectGraphs":true,"m_FxEnabled":true},"in2DMode":false,"pivot":{"x":-0.6921746730804443,"y":0.05401873588562012,"z":0.32603228092193606},"rotation":{"x":0.0947367250919342,"y":-0.8976175785064697,"z":0.2362845093011856,"w":0.35986626148223879},"size":1.42872953414917,"orthographic":false}